{
  "left": -97.84305555,
  "right": -97.64305555,
  "up": 30.367222,
  "down": 30.167222
}
