{
  "left": -0.2275,
  "right": -0.0275,
  "up": 51.607222222222225,
  "down": 51.407222222222225
}
