{
  "left": 12.935833333333333,
  "right": 13.135833333333333,
  "up": 55.70583333333334,
  "down": 55.50583333333334
}
