{
  "left": 10.638888888888889,
  "right": 10.838888888888889,
  "up": 60.013333333333334,
  "down": 59.813333333333334
}
