{
  "left": 17.96861111111111,
  "right": 18.16861111111111,
  "up": 59.42944444444445,
  "down": 59.22944444444445
}
