{
  "left": 8.44111111111111,
  "right": 8.64111111111111,
  "up": 47.47444444444444,
  "down": 47.27444444444444
}
